uc,avg_joined_ratio,std_joined_ratio,min_joined_ratio,max_joined_ratio,avg_saw_test_ratio,std_saw_test_ratio,min_saw_test_ratio,max_saw_test_ratio,runs_with_full_join,runs_with_any_miss,total_runs,valid_runs
UC1_P40,0.9650000000000001,0.021081851067789203,0.925,1.0,0.9574999999999999,0.03129163892586429,0.9,1.0,1,9,10,10
UC1_P50,0.9533333333333334,0.014142135623730928,0.92,0.96,0.9444444444444444,0.019436506316150983,0.9,0.96,0,9,10,9
UC2_P40,1.0,0.0,1.0,1.0,1.0,0.0,1.0,1.0,7,0,10,7
UC2_P50,0.9960000000000001,0.00843274042711568,0.98,1.0,0.992,0.010327955589886457,0.98,1.0,8,2,10,10
