uc,total_runs,mean_delivery_rate,std_delivery_rate,min_rate,max_rate
UC5_P10_C10,10,0.98964,0.03165453100795105,0.89955,0.99975
UC5_P10_C20,10,0.9996450000000001,8.644201653261748e-05,0.9995,0.9998000000000001
UC5_P10_C30,10,0.999685,0.0001313392553655929,0.9995499999999999,1.0
UC5_P50_C10,10,0.9825307209759483,0.008961432420438318,0.9777717391304348,0.9995425531914894
UC5_P50_C20,10,0.9908739602605612,0.014656553864102168,0.9576354166666667,1.0
UC5_P50_C30,10,0.9823729795375596,0.0160326347940736,0.9574574468085106,0.9995212765957446
