uc,avg_joined_ratio,std_joined_ratio,min_joined_ratio,max_joined_ratio,avg_saw_test_ratio,std_saw_test_ratio,min_saw_test_ratio,max_saw_test_ratio,runs_with_full_join,runs_with_any_miss,total_runs,valid_runs
UC5_P10_C10,1.0,0.0,1.0,1.0,0.99,0.03162277660168379,0.9,1.0,10,0,10,10
UC5_P10_C20,1.0,0.0,1.0,1.0,1.0,0.0,1.0,1.0,10,0,10,10
UC5_P10_C30,1.0,0.0,1.0,1.0,1.0,0.0,1.0,1.0,10,0,10,10
UC5_P50_C10,0.942,0.014757295747452439,0.92,0.96,0.9259999999999999,0.013498971154211007,0.9,0.94,0,10,10,10
UC5_P50_C20,0.938,0.017511900715418208,0.92,0.96,0.93,0.019436506316150994,0.9,0.96,0,10,10,10
UC5_P50_C30,0.958,0.014757295747452421,0.94,0.98,0.944,0.0157762127549323,0.92,0.98,0,10,10,10
