uc,total_runs,mean_delivery_rate,std_delivery_rate,min_rate,max_rate
UC5_P10_C30,10,0.999685,0.0001313392553655929,0.9995499999999999,1.0
UC5_P50_C30,10,0.9823729795375596,0.0160326347940736,0.9574574468085106,0.9995212765957446
UC6_P10_C30,8,1.0,0.0,1.0,1.0
UC6_P50_C30,4,0.9947579591836735,0.007669851238470633,0.9835918367346939,1.0
