uc,total_runs,mean_join_wait_ms,std_join_wait_ms,min_ms,max_ms
UC1_P10,10,3207.21,2120.5184153618875,719.6,8040.1
UC1_P50,5,5313.724,4198.810499067563,714.64,9855.46
UC2_P10,10,126.03,7.986940729855337,111.9,134.8
UC2_P50,10,620.98,403.39148892029607,73.98,1082.78
