uc,total_runs,mean_delivery_rate,std_delivery_rate,min_rate,max_rate
UC3_P40,10,0.9920175320512821,0.0033946770502111608,0.98425,0.9955128205128206
UC3_P50,10,0.9947760816326531,0.0019881962959133045,0.9911,0.9976700000000001
UC4_P40,10,0.995396865116985,0.0042948425751988435,0.9862333333333333,0.9997571428571429
UC4_P50,8,0.9976923004626036,0.0014660826970939477,0.9952580645161291,0.9996309523809523
