uc,total_runs,mean_convergence_s,std_convergence_s,min_s,max_s
UC2_P10,19,213.86104736842105,10.699072637402255,202.82410000000002,224.8998
UC2_P20,20,217.240675,14.846404108460394,202.6855,232.90045
UC2_P30,20,202.6762209318555,0.05633480293720706,202.52793333333332,202.79193333333333
UC2_P40,20,202.59086459514168,0.04404221480999024,202.50418421052632,202.67579999999998
UC2_P50,18,202.42900190964247,0.055473765071948136,202.30338,202.52658
