uc,total_runs,mean_delivery_rate,std_delivery_rate,min_rate,max_rate
UC8_P10,10,1.0,0.0,1.0,1.0
UC8_P20,10,1.0,0.0,1.0,1.0
UC8_P30,10,0.9998066666666666,0.0006055402648426397,0.9980833333333333,1.0
UC8_P40,10,0.99490375,0.010509567483039219,0.974925,1.0
UC8_P50,10,0.976,0.02065591117977291,0.94,1.0
