uc,total_runs,mean_delivery_rate,std_delivery_rate,min_rate,max_rate
UC2_P10,10,1.0,0.0,1.0,1.0
UC2_P20,9,0.9996138888888889,0.0009616969954778368,0.9971,1.0
UC2_P30,9,0.9995796296296297,0.0008344067161170402,0.9980666666666667,1.0
UC2_P40,7,0.999444642857143,0.0009903665446980088,0.9975625000000001,1.0
UC2_P50,10,0.993689,0.013223845843357738,0.96098,1.0
