uc,total_runs,mean_delivery_rate,std_delivery_rate,min_rate,max_rate
UC3_P10,10,0.9898450000000001,0.0021732528103692206,0.9868500000000001,0.9938
UC3_P50,10,0.993595,0.002464549767311607,0.9891,0.9966700000000001
UC4_P10,10,0.9953355952380953,0.005097869512484569,0.9841428571428571,0.9994999999999999
UC4_P50,9,0.9953292174638526,0.003287122909693177,0.988670731707317,0.9999583333333333
