uc,total_runs,mean_delivery_rate,std_delivery_rate,min_rate,max_rate
UC3_P10,10,0.9892902777777778,0.0032021831250130337,0.9837777777777776,0.9925499999999999
UC3_P50,10,0.9947760816326531,0.0019881962959133045,0.9911,0.9976700000000001
UC4_P10,10,0.9975185912698412,0.0024365930163156905,0.99175,0.9998333333333334
UC4_P50,8,0.9976923004626036,0.0014660826970939477,0.9952580645161291,0.9996309523809523
