uc,total_runs,mean_convergence_s,std_convergence_s,min_s,max_s
UC7_P10,7,202.74711785714285,0.31118087408902706,202.053,202.9238
UC7_P20,9,202.73867478019056,0.03479781516727685,202.67846153846153,202.791
UC7_P30,6,202.56530238095237,0.04460453822126176,202.4906,202.613
UC7_P40,6,202.4826966966967,0.06505232594238829,202.36151351351353,202.5345
UC7_P50,4,202.29038527874565,0.06623496718861367,202.23392682926828,202.376
