uc,total_runs,mean_delivery_rate,std_delivery_rate,min_rate,max_rate
UC1_P10,20,0.9897724999999999,0.030813434676759847,0.89955,1.0
UC1_P20,20,0.9888755921052631,0.020921092995810277,0.9468947368421052,1.0
UC1_P30,20,0.9835737068965518,0.01734802195236147,0.9635689655172414,0.9997586206896552
UC1_P40,20,0.9830554985273736,0.02068644760387065,0.9226410256410258,0.9995540540540541
UC1_P50,19,0.9825488733318197,0.015343937728234083,0.9567244897959184,0.9995
