uc,avg_joined_ratio,std_joined_ratio,min_joined_ratio,max_joined_ratio,avg_saw_test_ratio,std_saw_test_ratio,min_saw_test_ratio,max_saw_test_ratio,runs_with_full_join,runs_with_any_miss,total_runs,valid_runs
UC7_P10,1.0,0.0,1.0,1.0,0.99,0.0316227766016838,0.9,1.0,10,0,10,10
UC7_P20,0.99,0.021081851067789228,0.95,1.0,0.99,0.021081851067789228,0.95,1.0,8,2,10,10
UC7_P30,0.9800000000000001,0.017213259316477412,0.9666666666666667,1.0,0.97,0.018921540406584874,0.9333333333333333,1.0,4,6,10,10
UC7_P40,0.9574999999999999,0.02898754521821011,0.925,1.0,0.9400000000000001,0.026874192494328458,0.9,0.975,1,9,10,10
UC7_P50,0.9511111111111111,0.020275875100994042,0.92,0.98,0.9444444444444444,0.01943650631615099,0.92,0.98,0,9,10,9
