uc,avg_joined_ratio,std_joined_ratio,min_joined_ratio,max_joined_ratio,avg_saw_test_ratio,std_saw_test_ratio,min_saw_test_ratio,max_saw_test_ratio,runs_with_full_join,runs_with_any_miss,total_runs,valid_runs
UC1_P10,1.0,0.0,1.0,1.0,0.9949999999999999,0.02236067977499791,0.9,1.0,20,0,20,20
UC1_P20,0.99,0.020519567041703105,0.95,1.0,0.9875,0.02750598021100905,0.9,1.0,16,4,20,20
UC1_P30,0.9783333333333333,0.01631201616431976,0.9666666666666667,1.0,0.9666666666666666,0.018731716231633867,0.9333333333333333,1.0,7,13,20,20
UC1_P40,0.9637499999999999,0.027476066139939224,0.925,1.0,0.9512499999999999,0.03190755561404163,0.9,1.0,4,16,20,20
UC1_P50,0.9568421052631578,0.021357442517239585,0.92,1.0,0.9505263157894737,0.020405251015506963,0.92,1.0,1,18,20,19
