uc,total_runs,mean_delivery_rate,std_delivery_rate,min_rate,max_rate
UC10_P10,10,0.9953355952380953,0.005097869512484569,0.9841428571428571,0.9994999999999999
UC10_P20,4,0.9944180672268907,0.0011807669649115844,0.9931428571428571,0.9959999999999999
UC10_P30,10,0.997129363847838,0.0019357291643552438,0.9936428571428572,1.0
UC10_P40,10,0.9936934531298236,0.007422157189644008,0.974,0.9997
UC10_P50,9,0.9953292174638526,0.003287122909693177,0.988670731707317,0.9999583333333333
