uc,total_runs,mean_delivery_rate,std_delivery_rate,min_rate,max_rate
UC4_P10,10,0.9975185912698412,0.0024365930163156905,0.99175,0.9998333333333334
UC4_P20,10,0.9965553851540616,0.0034622862204016164,0.9890882352941176,1.0
UC4_P30,10,0.9940236656459482,0.005224335032553974,0.9855,0.9996190476190476
UC4_P40,10,0.995396865116985,0.0042948425751988435,0.9862333333333333,0.9997571428571429
UC4_P50,8,0.9976923004626036,0.0014660826970939477,0.9952580645161291,0.9996309523809523
