uc,avg_joined_ratio,std_joined_ratio,min_joined_ratio,max_joined_ratio,avg_saw_test_ratio,std_saw_test_ratio,min_saw_test_ratio,max_saw_test_ratio,runs_with_full_join,runs_with_any_miss,total_runs,valid_runs
UC4_P10,0.8,0.14142135623730953,0.6,1.0,0.8,0.14142135623730953,0.6,1.0,2,8,10,10
UC4_P20,0.8125,0.07500000000000001,0.7,0.85,0.8125,0.07500000000000001,0.7,0.85,0,4,10,4
UC4_P30,0.8333333333333334,0.10540925533894599,0.6666666666666666,0.9666666666666667,0.8333333333333334,0.10540925533894599,0.6666666666666666,0.9666666666666667,0,10,10,10
UC4_P40,0.7075,0.11429129450662462,0.475,0.85,0.7075,0.11429129450662462,0.475,0.85,0,10,10,10
UC4_P50,0.7866666666666666,0.048989794855663536,0.72,0.86,0.7866666666666666,0.048989794855663536,0.72,0.86,0,9,10,9
