uc,total_runs,mean_delivery_rate,std_delivery_rate,min_rate,max_rate
UC9_P10,10,0.9898450000000001,0.0021732528103692206,0.9868500000000001,0.9938
UC9_P20,10,0.986078157894737,0.006621320537258817,0.9714736842105263,0.9944000000000001
UC9_P30,10,0.9924616666666667,0.0020703827104912895,0.9893000000000001,0.9960500000000001
UC9_P40,10,0.9928339423076924,0.00329151751871676,0.986825,0.9962625
UC9_P50,10,0.993595,0.002464549767311607,0.9891,0.9966700000000001
