uc,total_runs,mean_delivery_rate,std_delivery_rate,min_rate,max_rate
UC3_P10,10,0.9892902777777778,0.0032021831250130337,0.9837777777777776,0.9925499999999999
UC3_P20,10,0.9876470588235294,0.002466665984756245,0.9824705882352942,0.99175
UC3_P30,10,0.9924133333333334,0.0033755273936357023,0.9849333333333334,0.9958166666666667
UC3_P40,10,0.9920175320512821,0.0033946770502111608,0.98425,0.9955128205128206
UC3_P50,10,0.9947760816326531,0.0019881962959133045,0.9911,0.9976700000000001
