uc,total_runs,mean_convergence_s,std_convergence_s,min_s,max_s
UC4_P10,10,202.60343892857142,0.085990836016555,202.4574,202.73725
UC4_P20,10,202.6349887728938,0.26303436189680207,202.2605,203.177
UC4_P30,9,205.99687306397306,3.415142165610992,202.34533333333334,210.233
UC4_P40,9,202.5583560942761,0.23379252363281952,202.225,202.9245357142857
UC4_P50,9,202.5766499156769,0.14419676350421934,202.3654,202.77490625
