uc,avg_joined_ratio,std_joined_ratio,min_joined_ratio,max_joined_ratio,avg_saw_test_ratio,std_saw_test_ratio,min_saw_test_ratio,max_saw_test_ratio,runs_with_full_join,runs_with_any_miss,total_runs,valid_runs
UC4_P10,0.8,0.2,0.4,1.0,0.8,0.2,0.4,1.0,3,7,10,10
UC4_P20,0.8699999999999999,0.09189365834726813,0.7,1.0,0.8699999999999999,0.09189365834726813,0.7,1.0,1,9,10,10
UC4_P30,0.8833333333333334,0.07071067811865475,0.7666666666666667,1.0,0.8833333333333334,0.07071067811865475,0.7666666666666667,1.0,2,8,30,10
UC4_P40,0.8295454545454546,0.053406673059391424,0.75,0.9,0.8295454545454546,0.053406673059391424,0.75,0.9,0,11,22,11
UC4_P50,0.8320000000000001,0.041311822359545766,0.78,0.88,0.8320000000000001,0.041311822359545766,0.78,0.88,0,10,19,10
