uc,total_runs,mean_convergence_s,std_convergence_s,min_s,max_s
UC1_P10,14,205.20271765873014,2.563403799472869,202.053,207.97522222222221
UC1_P50,13,215.52283942642723,9.252224737884307,202.23392682926828,223.67225
UC2_P10,19,213.86104736842105,10.699072637402255,202.82410000000002,224.8998
UC2_P50,18,202.42900190964247,0.055473765071948136,202.30338,202.52658
