uc,total_runs,mean_delivery_rate,std_delivery_rate,min_rate,max_rate
UC1_P10,20,0.9897724999999999,0.030813434676759847,0.89955,1.0
UC1_P50,19,0.9825488733318197,0.015343937728234083,0.9567244897959184,0.9995
UC2_P10,19,1.0,0.0,1.0,1.0
UC2_P50,18,0.9844166666666667,0.017553555698121663,0.94,1.0
