uc,total_runs,mean_delivery_rate,std_delivery_rate,min_rate,max_rate
UC1_P10,10,0.999735,0.00010287532908004817,0.9996500000000001,1.0
UC1_P50,9,0.9898122066330901,0.011093503503082275,0.9776354166666668,0.99959375
UC2_P10,10,1.0,0.0,1.0,1.0
UC2_P50,10,0.993689,0.013223845843357738,0.96098,1.0
