uc,avg_joined_ratio,std_joined_ratio,min_joined_ratio,max_joined_ratio,avg_saw_test_ratio,std_saw_test_ratio,min_saw_test_ratio,max_saw_test_ratio,runs_with_full_join,runs_with_any_miss,total_runs,valid_runs
UC1_P10,1.0,0.0,1.0,1.0,0.9949999999999999,0.02236067977499791,0.9,1.0,20,0,20,20
UC1_P50,0.9568421052631578,0.021357442517239585,0.92,1.0,0.9505263157894737,0.020405251015506963,0.92,1.0,1,18,20,19
UC2_P10,1.0,0.0,1.0,1.0,1.0,0.0,1.0,1.0,19,0,20,19
UC2_P50,1.0,0.0,1.0,1.0,0.9844444444444443,0.017564075040438207,0.94,1.0,18,0,18,18
