uc,avg_joined_ratio,std_joined_ratio,min_joined_ratio,max_joined_ratio,avg_saw_test_ratio,std_saw_test_ratio,min_saw_test_ratio,max_saw_test_ratio,runs_with_full_join,runs_with_any_miss,total_runs,valid_runs
UC1_P10,1.0,0.0,1.0,1.0,1.0,0.0,1.0,1.0,10,0,10,10
UC1_P50,0.9533333333333334,0.014142135623730928,0.92,0.96,0.9444444444444444,0.019436506316150983,0.9,0.96,0,9,10,9
UC2_P10,1.0,0.0,1.0,1.0,1.0,0.0,1.0,1.0,10,0,10,10
UC2_P50,0.9960000000000001,0.00843274042711568,0.98,1.0,0.992,0.010327955589886457,0.98,1.0,8,2,10,10
UC3_P10,0.95,0.07071067811865474,0.8,1.0,0.95,0.07071067811865474,0.8,1.0,6,4,10,10
UC3_P50,0.998,0.006324555320336764,0.98,1.0,0.998,0.006324555320336764,0.98,1.0,9,1,10,10
UC4_P10,0.89,0.11005049346146117,0.7,1.0,0.89,0.11005049346146117,0.7,1.0,4,6,10,10
UC4_P50,0.755,0.09426406677899211,0.62,0.86,0.755,0.09426406677899211,0.62,0.86,0,8,20,8
